,skew_antes,skew_depois
text_length,43.82040353716444,-0.0907266539263526
total_filters,53.982213638373395,0.3529230443849612
title_chars,2.2644475803914426,-0.062395948699180005
file_size,54.60709093177882,0.17739050235603138
object_count,38.49243756202754,0.032473661869133814
stream_count,34.82043689682801,0.1737663594110053
metadata_size,0.9865472765749619,-0.36957188004126523
