label,count,percent
0,9297,48.18097014925373
1,9999,51.81902985074627
