Cluster,text_length,total_filters,title_chars,file_size,object_count,stream_count,endstream_count,metadata_size,valid_pdf_header,entropy_of_streams
0,0.02413153009811721,0.003447361442588173,0.020418987006099176,18061.416070007956,0.0669583664810395,0.015115354017501989,0.007557677008750994,0.5308936621585786,0.006364359586316627,0.009386589104083798
1,14382.949634167093,21.128211672622086,24.271141738982475,105474.48562191594,443.6206397822018,54.55938403947592,27.27786285519823,246.46418240598945,0.9999149225795474,5.900630680766548
